scheme,volume,repetition,transaction_id,key_gen_time,encryption_time,decryption_time,integrity_verified,throughput
RSA+AES-256,500,2,1,1901.5556999947876,23.02179999969667,3.188199996657204,True,270.0925201822318
RSA+AES-256,500,2,2,485.96900000120513,0.730499996279832,3.0119000002741814,True,270.0925201822318
RSA+AES-256,500,2,3,240.598600001249,0.6673999960185029,3.0273000011220574,True,270.0925201822318
RSA+AES-256,500,2,4,634.2232000024524,0.6812999999965541,2.91540000034729,True,270.0925201822318
RSA+AES-256,500,2,5,260.43480000225827,0.6464000034611672,2.9251000014482997,True,270.0925201822318
RSA+AES-256,500,2,6,370.01109999982873,0.6828999976278283,2.994499998749234,True,270.0925201822318
RSA+AES-256,500,2,7,322.91959999565734,0.592199998209253,2.8795000034733675,True,270.0925201822318
RSA+AES-256,500,2,8,725.0133999987156,0.6850999998277985,3.0231000055209734,True,270.0925201822318
RSA+AES-256,500,2,9,2088.8743000032264,0.7169000018620864,2.95170000026701,True,270.0925201822318
RSA+AES-256,500,2,10,1827.5524999990012,0.6689000001642853,2.998299998580478,True,270.0925201822318
RSA+AES-256,500,2,11,398.6780999985058,0.6614000012632459,2.9078000006848015,True,270.0925201822318
RSA+AES-256,500,2,12,647.70629999839,0.6806999954278581,3.0804000052739866,True,270.0925201822318
RSA+AES-256,500,2,13,854.885100001411,0.7160000022849999,3.029300001799129,True,270.0925201822318
RSA+AES-256,500,2,14,968.8968000045861,0.6882000016048551,2.9471000016201288,True,270.0925201822318
RSA+AES-256,500,2,15,443.31890000466956,0.6737000003340654,2.9895000043325126,True,270.0925201822318
RSA+AES-256,500,2,16,625.4959999932908,0.64340000244556,2.9724999985774048,True,270.0925201822318
RSA+AES-256,500,2,17,242.16819999855943,0.6730000022798777,2.930700000433717,True,270.0925201822318
RSA+AES-256,500,2,18,721.5205000029528,0.6931999960215762,2.8817999991588295,True,270.0925201822318
RSA+AES-256,500,2,19,497.46939999749884,0.6738000010955147,2.9125000000931323,True,270.0925201822318
RSA+AES-256,500,2,20,247.31899999460438,0.7254000011016615,2.954600000521168,True,270.0925201822318
RSA+AES-256,500,2,21,674.5052000042051,0.6078000005800277,2.8810000003431924,True,270.0925201822318
RSA+AES-256,500,2,22,1450.5304999984219,0.6534999993164092,2.8792000011890195,True,270.0925201822318
RSA+AES-256,500,2,23,340.5593999996199,0.6781999982194975,2.9836000030627474,True,270.0925201822318
RSA+AES-256,500,2,24,392.77949999814155,0.7207999951788224,2.9647999981534667,True,270.0925201822318
RSA+AES-256,500,2,25,780.7083000006969,0.6845999960205518,2.9100000028847717,True,270.0925201822318
RSA+AES-256,500,2,26,1089.4324000037159,0.6572999991476536,2.8901999976369552,True,270.0925201822318
RSA+AES-256,500,2,27,2061.0133000009228,0.7331999950110912,3.0864000000292435,True,270.0925201822318
RSA+AES-256,500,2,28,1329.2379999984405,0.6632000004174188,2.9462000020430423,True,270.0925201822318
RSA+AES-256,500,2,29,368.13380000239704,0.6815999950049445,2.901100000599399,True,270.0925201822318
RSA+AES-256,500,2,30,233.5760999994818,0.5964000010862947,2.93989999772748,True,270.0925201822318
RSA+AES-256,500,2,31,247.65049999405164,0.6193999943207018,2.9489999942597933,True,270.0925201822318
RSA+AES-256,500,2,32,274.04679999744985,0.636500000837259,2.900499996030703,True,270.0925201822318
RSA+AES-256,500,2,33,309.1184999939287,0.6498000002466142,2.8777999978046864,True,270.0925201822318
RSA+AES-256,500,2,34,103.13979999773437,0.5817999990540557,2.906599998823367,True,270.0925201822318
RSA+AES-256,500,2,35,273.32149999710964,0.6844000017736107,2.9510000022128224,True,270.0925201822318
RSA+AES-256,500,2,36,1112.641400002758,0.6790000043110922,2.9763999991700985,True,270.0925201822318
RSA+AES-256,500,2,37,655.2192000017385,0.705899998138193,2.914499993494246,True,270.0925201822318
RSA+AES-256,500,2,38,939.433800005645,0.6787000020267442,2.9490999950212426,True,270.0925201822318
RSA+AES-256,500,2,39,789.5587000020896,0.6416999967768788,3.0401000040001236,True,270.0925201822318
RSA+AES-256,500,2,40,1261.5251000024728,0.6661000006715767,2.89840000186814,True,270.0925201822318
RSA+AES-256,500,2,41,263.5618999993312,0.6817000030423515,2.9708000001846813,True,270.0925201822318
RSA+AES-256,500,2,42,1444.8241999998572,0.6996999945840798,3.14250000519678,True,270.0925201822318
RSA+AES-256,500,2,43,2368.8638000021456,0.6582999994861893,2.912700001616031,True,270.0925201822318
RSA+AES-256,500,2,44,759.028299995407,0.6958000012673438,2.993300004163757,True,270.0925201822318
RSA+AES-256,500,2,45,1058.8518000004115,0.6671000010101125,2.8660999960266054,True,270.0925201822318
RSA+AES-256,500,2,46,525.6853999962914,0.6749000021954998,2.8913999994983897,True,270.0925201822318
RSA+AES-256,500,2,47,476.9155000030878,0.7142999966163188,2.93279999459628,True,270.0925201822318
RSA+AES-256,500,2,48,862.1429999984684,0.7059000054141507,3.0047999971429817,True,270.0925201822318
RSA+AES-256,500,2,49,728.8956999982474,0.6931999960215762,2.9844000018783845,True,270.0925201822318
RSA+AES-256,500,2,50,463.58650000183843,0.6718000004184432,2.901300002122298,True,270.0925201822318
RSA+AES-256,500,2,51,1581.7116999969585,0.673100003041327,2.9637000043294393,True,270.0925201822318
RSA+AES-256,500,2,52,419.2741000006208,0.6636999969487078,2.916899997217115,True,270.0925201822318
RSA+AES-256,500,2,53,1210.78370000032,0.662200000078883,2.906100002292078,True,270.0925201822318
RSA+AES-256,500,2,54,772.6786999992328,0.6753000052412972,3.0189999961294234,True,270.0925201822318
RSA+AES-256,500,2,55,837.324100000842,0.6766000005882233,2.9678999999305233,True,270.0925201822318
RSA+AES-256,500,2,56,406.8680999989738,0.6594999940716662,3.094399995461572,True,270.0925201822318
RSA+AES-256,500,2,57,565.3258000020287,0.695100003213156,3.0027000029804185,True,270.0925201822318
RSA+AES-256,500,2,58,384.34269999561366,0.6954999989829957,2.9698999933316372,True,270.0925201822318
RSA+AES-256,500,2,59,739.579799999774,0.6685999978799373,2.9031000012764707,True,270.0925201822318
RSA+AES-256,500,2,60,1013.8790999990306,0.716800001100637,2.9680000006919727,True,270.0925201822318
RSA+AES-256,500,2,61,330.3948999964632,0.5912999986321665,2.9166000022087246,True,270.0925201822318
RSA+AES-256,500,2,62,460.1039999979548,0.6566000010934658,2.911799994762987,True,270.0925201822318
RSA+AES-256,500,2,63,626.2176999953226,0.6872000012663193,2.9910000012023374,True,270.0925201822318
RSA+AES-256,500,2,64,627.7880999987246,0.6566000010934658,2.900199993746355,True,270.0925201822318
RSA+AES-256,500,2,65,360.79650000465335,0.6692000024486333,3.074100000958424,True,270.0925201822318
RSA+AES-256,500,2,66,649.0546999993967,0.6435000032070093,2.927499997895211,True,270.0925201822318
RSA+AES-256,500,2,67,1169.0450000023702,0.6566000010934658,2.893900003982708,True,270.0925201822318
RSA+AES-256,500,2,68,528.4826999995857,0.6928000002517365,2.992300003825221,True,270.0925201822318
RSA+AES-256,500,2,69,299.4942000004812,0.6869000062579289,2.9488000000128523,True,270.0925201822318
RSA+AES-256,500,2,70,777.6794000019436,0.7225000008475035,2.970200002891943,True,270.0925201822318
RSA+AES-256,500,2,71,709.107499998936,0.7045000020298176,2.977099997224286,True,270.0925201822318
RSA+AES-256,500,2,72,944.2767999935313,0.8060999971348792,3.522200000588782,True,270.0925201822318
RSA+AES-256,500,2,73,2345.111700000416,0.6740999961039051,3.2869999995455146,True,270.0925201822318
RSA+AES-256,500,2,74,465.97279999696184,0.6783999997423962,3.0116999987512827,True,270.0925201822318
RSA+AES-256,500,2,75,870.2343000040855,0.6632000004174188,2.931800001533702,True,270.0925201822318
RSA+AES-256,500,2,76,2268.601200004923,0.7010999979684129,2.980199999001343,True,270.0925201822318
RSA+AES-256,500,2,77,637.7015999969444,0.6640999999945052,2.9037999993306585,True,270.0925201822318
RSA+AES-256,500,2,78,315.3466000003391,0.6929000010131858,2.9850999999325722,True,270.0925201822318
RSA+AES-256,500,2,79,827.0486999972491,0.7296999974641949,2.9727000001003034,True,270.0925201822318
RSA+AES-256,500,2,80,224.5595999993384,0.695400005497504,3.0101000011200085,True,270.0925201822318
RSA+AES-256,500,2,81,970.9151999995811,0.6589999975403771,2.9351000048336573,True,270.0925201822318
RSA+AES-256,500,2,82,1562.5893999967957,0.6763000055798329,2.957999997306615,True,270.0925201822318
RSA+AES-256,500,2,83,996.0216000035871,0.657899996440392,2.886700000090059,True,270.0925201822318
RSA+AES-256,500,2,84,1246.8368000045302,0.7220000043162145,3.0005000007804483,True,270.0925201822318
RSA+AES-256,500,2,85,587.9618999970262,0.8013999977265485,3.1345999959739856,True,270.0925201822318
RSA+AES-256,500,2,86,2202.6593999980832,0.665100000333041,2.899500002968125,True,270.0925201822318
RSA+AES-256,500,2,87,325.73889999912353,0.6114999996498227,3.0262000000220723,True,270.0925201822318
RSA+AES-256,500,2,88,512.395199999446,0.7040000054985285,2.9654000027221628,True,270.0925201822318
RSA+AES-256,500,2,89,1055.2901000046404,0.6735999995726161,2.9709000009461306,True,270.0925201822318
RSA+AES-256,500,2,90,193.0904000037117,0.7129000005079433,3.148499999952037,True,270.0925201822318
RSA+AES-256,500,2,91,337.7411999972537,0.6828000041423365,2.9914999977336265,True,270.0925201822318
RSA+AES-256,500,2,92,302.7760999975726,1.2050999939674512,3.1828999999561347,True,270.0925201822318
RSA+AES-256,500,2,93,1061.084100001608,0.6799999973736703,3.4328999972785823,True,270.0925201822318
RSA+AES-256,500,2,94,457.6784000018961,0.6633000011788681,2.8673000051639974,True,270.0925201822318
RSA+AES-256,500,2,95,1129.8109000053955,0.8326999959535897,3.0048000044189394,True,270.0925201822318
RSA+AES-256,500,2,96,1701.2728999980027,0.7018000032985583,2.977700001792982,True,270.0925201822318
RSA+AES-256,500,2,97,612.3539000036544,0.6629000054090284,3.0263999942690134,True,270.0925201822318
RSA+AES-256,500,2,98,1146.5895000001183,0.6198000046424568,2.989300002809614,True,270.0925201822318
RSA+AES-256,500,2,99,342.16420000302605,0.6628999981330708,2.955399999336805,True,270.0925201822318
RSA+AES-256,500,2,100,743.395799996506,0.669100001687184,3.011000000697095,True,270.0925201822318
RSA+AES-256,500,2,101,658.4287000005133,0.7145000054151751,3.198900005372707,True,270.0925201822318
RSA+AES-256,500,2,102,384.2166000031284,0.6785000005038455,3.211100003682077,True,270.0925201822318
RSA+AES-256,500,2,103,938.8698999973712,0.7107999990694225,3.133500002149958,True,270.0925201822318
RSA+AES-256,500,2,104,924.4705000019167,0.6560999972862191,2.9797000024700537,True,270.0925201822318
RSA+AES-256,500,2,105,396.48440000019036,0.6594000005861744,3.084399999352172,True,270.0925201822318
RSA+AES-256,500,2,106,536.2100999991526,0.6794000000809319,2.8769999989890493,True,270.0925201822318
RSA+AES-256,500,2,107,535.8262000008835,0.6978000019444153,2.933100004156586,True,270.0925201822318
RSA+AES-256,500,2,108,609.5161999983247,0.6556000007549301,3.0977999995229766,True,270.0925201822318
RSA+AES-256,500,2,109,316.21070000255713,0.6173000001581386,2.953199997136835,True,270.0925201822318
RSA+AES-256,500,2,110,156.9954999940819,0.639899997622706,2.9599999979836866,True,270.0925201822318
RSA+AES-256,500,2,111,263.75410000036936,0.6839999987278134,2.927600005932618,True,270.0925201822318
RSA+AES-256,500,2,112,1138.1509999991977,0.6323999987216666,2.899800005252473,True,270.0925201822318
RSA+AES-256,500,2,113,184.7252000006847,0.676800002111122,2.960400001029484,True,270.0925201822318
RSA+AES-256,500,2,114,865.3604999999516,0.6197000038810074,2.9664000030606985,True,270.0925201822318
RSA+AES-256,500,2,115,717.8022000007331,0.840000000607688,2.9312999977264553,True,270.0925201822318
RSA+AES-256,500,2,116,221.89649999927497,0.6147000021883287,2.937200006272178,True,270.0925201822318
RSA+AES-256,500,2,117,284.3369000038365,0.6289000011747703,2.861100001609884,True,270.0925201822318
RSA+AES-256,500,2,118,482.2785000069416,0.6587000025319867,2.882399996451568,True,270.0925201822318
RSA+AES-256,500,2,119,128.79999999859137,0.6844000017736107,2.9614000013680197,True,270.0925201822318
RSA+AES-256,500,2,120,432.6359999977285,0.6629999988945201,2.902599997469224,True,270.0925201822318
RSA+AES-256,500,2,121,427.20149999513524,0.6569000033778138,2.8707000019494444,True,270.0925201822318
RSA+AES-256,500,2,122,653.8630999930319,0.7024000005912967,2.9749999957857653,True,270.0925201822318
RSA+AES-256,500,2,123,1601.0453999988385,0.6722999969497323,3.195099998265505,True,270.0925201822318
RSA+AES-256,500,2,124,1293.1638000009116,0.6947000001673587,3.0838000020594336,True,270.0925201822318
RSA+AES-256,500,2,125,428.35940000077244,0.6674000032944605,2.9731999966315925,True,270.0925201822318
RSA+AES-256,500,2,126,351.82970000460045,0.6151999987196177,2.9060000015306287,True,270.0925201822318
RSA+AES-256,500,2,127,1559.7592999984045,0.6824000010965392,2.9998000027262606,True,270.0925201822318
RSA+AES-256,500,2,128,619.7939999983646,0.6894999969517812,2.973399998154491,True,270.0925201822318
RSA+AES-256,500,2,129,2085.2653000038117,0.6858000051579438,2.965599996969104,True,270.0925201822318
RSA+AES-256,500,2,130,365.9770000012941,0.6723000042256899,2.9672000018763356,True,270.0925201822318
RSA+AES-256,500,2,131,645.1054999997723,0.6592999998247251,2.934000003733672,True,270.0925201822318
RSA+AES-256,500,2,132,500.23420000070473,0.6791000050725415,2.9108000017004088,True,270.0925201822318
RSA+AES-256,500,2,133,2103.739400001359,0.6705999985570088,2.8850000016973354,True,270.0925201822318
RSA+AES-256,500,2,134,619.2330999983824,0.6152000059955753,2.987500003655441,True,270.0925201822318
RSA+AES-256,500,2,135,249.2294000039692,0.6644000022788532,3.0067000043345615,True,270.0925201822318
RSA+AES-256,500,2,136,642.2364000027301,0.6474999972851947,2.9121000043232925,True,270.0925201822318
RSA+AES-256,500,2,137,1018.5088000071119,0.6976000004215166,3.215600001567509,True,270.0925201822318
RSA+AES-256,500,2,138,286.7314000031911,0.6349000032059848,2.9169000044930726,True,270.0925201822318
RSA+AES-256,500,2,139,857.1001000018441,0.6770000036340207,2.9227000050013885,True,270.0925201822318
RSA+AES-256,500,2,140,1179.8792999979923,0.7429000033880584,2.993000001879409,True,270.0925201822318
RSA+AES-256,500,2,141,1999.689500000386,0.683899997966364,2.908700000261888,True,270.0925201822318
RSA+AES-256,500,2,142,143.54160000220872,0.661899997794535,2.9763999991700985,True,270.0925201822318
RSA+AES-256,500,2,143,1015.212900005281,0.6127000015112571,2.9522999975597486,True,270.0925201822318
RSA+AES-256,500,2,144,519.2389000003459,0.6744999991497025,2.9198999982327223,True,270.0925201822318
RSA+AES-256,500,2,145,161.7718999987119,0.6968999950913712,2.9781999983242713,True,270.0925201822318
RSA+AES-256,500,2,146,561.9769000040833,0.6744999991497025,3.0191000041668303,True,270.0925201822318
RSA+AES-256,500,2,147,211.5131000027759,0.6205999961821362,2.9089999952702783,True,270.0925201822318
RSA+AES-256,500,2,148,328.8657000011881,0.6587999960174784,2.899500002968125,True,270.0925201822318
RSA+AES-256,500,2,149,1004.809899997781,0.6940999955986626,2.9376999955275096,True,270.0925201822318
RSA+AES-256,500,2,150,1605.6547999978648,0.6377000026986934,2.970899993670173,True,270.0925201822318
RSA+AES-256,500,2,151,820.2925000005052,0.6596000021090731,2.958299999590963,True,270.0925201822318
RSA+AES-256,500,2,152,1047.9790000026696,0.6668999994872138,2.919099999417085,True,270.0925201822318
RSA+AES-256,500,2,153,878.0595999996876,0.661700003547594,2.881899999920279,True,270.0925201822318
RSA+AES-256,500,2,154,168.9819000021089,0.6122999984654598,3.0450999984168448,True,270.0925201822318
RSA+AES-256,500,2,155,611.3796000063303,0.6225999968592077,2.9877999986638315,True,270.0925201822318
RSA+AES-256,500,2,156,369.63709999690764,0.644800005829893,3.1539999981760047,True,270.0925201822318
RSA+AES-256,500,2,157,627.7885000017704,0.8520999981556088,3.258199998526834,True,270.0925201822318
RSA+AES-256,500,2,158,735.5566999976872,0.6326000002445653,3.023999997822102,True,270.0925201822318
RSA+AES-256,500,2,159,745.2037999973982,0.8610000004409812,3.006600003573112,True,270.0925201822318
RSA+AES-256,500,2,160,103.09910000069067,0.6066999994800426,2.9716999997617677,True,270.0925201822318
RSA+AES-256,500,2,161,1425.1896999994642,0.6901000015204772,3.02949999604607,True,270.0925201822318
RSA+AES-256,500,2,162,602.6457000043592,0.662000005831942,2.9785000006086193,True,270.0925201822318
RSA+AES-256,500,2,163,170.03419999673497,0.6960999962757342,2.959400000690948,True,270.0925201822318
RSA+AES-256,500,2,164,489.0421999953105,0.6887000054121017,2.948399996967055,True,270.0925201822318
RSA+AES-256,500,2,165,573.4932999985176,0.6255000043893233,2.9950000025564805,True,270.0925201822318
RSA+AES-256,500,2,166,728.2118000002811,0.6697999997413717,2.9576000015367754,True,270.0925201822318
RSA+AES-256,500,2,167,663.942599996517,0.6592999998247251,2.977399999508634,True,270.0925201822318
RSA+AES-256,500,2,168,1448.5744000048726,0.6601999994018115,2.8802000015275553,True,270.0925201822318
RSA+AES-256,500,2,169,454.391500003112,0.6798000031267293,2.9858999987482093,True,270.0925201822318
RSA+AES-256,500,2,170,405.51110000524204,0.6586000017705373,2.986400002555456,True,270.0925201822318
RSA+AES-256,500,2,171,991.3933999996516,0.6775000001653098,2.955900003144052,True,270.0925201822318
RSA+AES-256,500,2,172,559.9908000003779,0.5985000025248155,2.9739999954472296,True,270.0925201822318
RSA+AES-256,500,2,173,990.9762000024784,0.6110999966040254,2.97839999984717,True,270.0925201822318
RSA+AES-256,500,2,174,1152.496800001245,0.6785000005038455,2.9555000000982545,True,270.0925201822318
RSA+AES-256,500,2,175,613.1595999977435,0.6776000009267591,2.938099998573307,True,270.0925201822318
RSA+AES-256,500,2,176,947.7540000007139,0.6756000002496876,2.9778000025544316,True,270.0925201822318
RSA+AES-256,500,2,177,779.4899000000441,0.6657999983872287,2.969099994516,True,270.0925201822318
RSA+AES-256,500,2,178,503.97499999962747,0.6606999959331006,2.9503000041586347,True,270.0925201822318
RSA+AES-256,500,2,179,440.68410000181757,0.6699000005028211,2.978700002131518,True,270.0925201822318
RSA+AES-256,500,2,180,449.69050000509014,0.6725999992340803,3.136899998935405,True,270.0925201822318
RSA+AES-256,500,2,181,208.42860000266228,0.6483000033767894,2.9972999982419424,True,270.0925201822318
RSA+AES-256,500,2,182,978.0287000030512,0.7066000034683384,2.961599995614961,True,270.0925201822318
RSA+AES-256,500,2,183,405.9198999966611,0.6399999983841553,2.9050999946775846,True,270.0925201822318
RSA+AES-256,500,2,184,493.3736999955727,0.6828000041423365,2.925900000263937,True,270.0925201822318
RSA+AES-256,500,2,185,675.9265000000596,0.6510000021080486,3.0746999982511625,True,270.0925201822318
RSA+AES-256,500,2,186,603.0754999956116,0.6572999991476536,2.918300000601448,True,270.0925201822318
RSA+AES-256,500,2,187,1563.156700001855,0.6789000035496429,2.968900000269059,True,270.0925201822318
RSA+AES-256,500,2,188,628.3247000028496,0.6584999937331304,2.8657000002567656,True,270.0925201822318
RSA+AES-256,500,2,189,1454.8555000001215,0.6513000043923967,3.2817000028444454,True,270.0925201822318
RSA+AES-256,500,2,190,938.4491999953752,0.6505999990622513,2.905000001192093,True,270.0925201822318
RSA+AES-256,500,2,191,522.9906000022311,0.6596999955945648,2.8887000007671304,True,270.0925201822318
RSA+AES-256,500,2,192,1160.850299995218,0.671899993903935,2.949300003820099,True,270.0925201822318
RSA+AES-256,500,2,193,433.146499999566,0.6723999977111816,2.956599993922282,True,270.0925201822318
RSA+AES-256,500,2,194,253.51680000312626,0.6753999987267889,2.870600001187995,True,270.0925201822318
RSA+AES-256,500,2,195,539.6371000024374,0.6933000040589832,3.0084999962127768,True,270.0925201822318
RSA+AES-256,500,2,196,576.0267000005115,0.6139000033726916,2.93729999975767,True,270.0925201822318
RSA+AES-256,500,2,197,492.5946000003023,0.5976000029477291,2.914600001531653,True,270.0925201822318
RSA+AES-256,500,2,198,618.6588999989908,0.6433000016841106,2.881200001866091,True,270.0925201822318
RSA+AES-256,500,2,199,497.3762999943574,0.6139999968581833,2.9682000022148713,True,270.0925201822318
RSA+AES-256,500,2,200,567.4618999983068,0.639899997622706,2.91319999814732,True,270.0925201822318
RSA+AES-256,500,2,201,1084.7678999998607,0.6638000049861148,2.8708999961963855,True,270.0925201822318
RSA+AES-256,500,2,202,1117.9237999967881,0.6372999996528961,2.9405999957816675,True,270.0925201822318
RSA+AES-256,500,2,203,519.6244000035222,0.6922999964444898,2.9555999935837463,True,270.0925201822318
RSA+AES-256,500,2,204,788.3512999978848,0.6179999982123263,3.013900000951253,True,270.0925201822318
RSA+AES-256,500,2,205,288.8078999967547,0.6928000002517365,2.9500000018742867,True,270.0925201822318
RSA+AES-256,500,2,206,160.4804000016884,0.650199996016454,2.9521000033128075,True,270.0925201822318
RSA+AES-256,500,2,207,422.19309999927646,0.662800004647579,2.9901999951107427,True,270.0925201822318
RSA+AES-256,500,2,208,1656.5240999989328,0.8190000007743947,3.0222999994293787,True,270.0925201822318
RSA+AES-256,500,2,209,982.2211999999126,0.6839999987278134,2.9198999982327223,True,270.0925201822318
RSA+AES-256,500,2,210,168.4361000006902,0.7081000003381632,3.0144000047584996,True,270.0925201822318
RSA+AES-256,500,2,211,600.3972000034992,0.6502000032924116,2.936100005172193,True,270.0925201822318
RSA+AES-256,500,2,212,269.88510000228416,0.6692000024486333,2.904499997384846,True,270.0925201822318
RSA+AES-256,500,2,213,1190.1528000016697,0.7002999991527759,2.926200002548285,True,270.0925201822318
RSA+AES-256,500,2,214,636.7773000019952,0.6174000009195879,2.9719000012846664,True,270.0925201822318
RSA+AES-256,500,2,215,452.89140000386396,0.6690999944112264,2.88360000558896,True,270.0925201822318
RSA+AES-256,500,2,216,670.4533000010997,0.6904000038048252,3.2701999953133054,True,270.0925201822318
RSA+AES-256,500,2,217,77.56520000111777,0.5859999946551397,3.0298999990918674,True,270.0925201822318
RSA+AES-256,500,2,218,984.778500001994,0.7016000017756596,3.0091000007814728,True,270.0925201822318
RSA+AES-256,500,2,219,1262.4715000056312,0.6968999950913712,2.926699999079574,True,270.0925201822318
RSA+AES-256,500,2,220,389.9419000008493,0.6462000019382685,2.9161999991629273,True,270.0925201822318
RSA+AES-256,500,2,221,1234.3164999983856,0.6684000036329962,2.9371999989962205,True,270.0925201822318
RSA+AES-256,500,2,222,715.2079000006779,0.6855000028735958,2.92730000364827,True,270.0925201822318
RSA+AES-256,500,2,223,1023.5367999994196,0.6882000016048551,3.0000000042491592,True,270.0925201822318
RSA+AES-256,500,2,224,490.29130000417354,0.6780000039725564,2.961999998660758,True,270.0925201822318
RSA+AES-256,500,2,225,750.2603000029922,0.7143000038922764,2.9730000023846515,True,270.0925201822318
RSA+AES-256,500,2,226,687.9874000005657,0.6599999978789128,2.967000000353437,True,270.0925201822318
RSA+AES-256,500,2,227,712.4480999991647,0.6609000047319569,2.9338000022107735,True,270.0925201822318
RSA+AES-256,500,2,228,450.1511999987997,0.6357999955071136,2.914699995017145,True,270.0925201822318
RSA+AES-256,500,2,229,867.0646999962628,0.6500000017695129,2.9012999948463403,True,270.0925201822318
RSA+AES-256,500,2,230,153.1717000034405,0.6206000034580939,3.200500003003981,True,270.0925201822318
RSA+AES-256,500,2,231,851.8390000026557,0.6712000031257048,3.010699998412747,True,270.0925201822318
RSA+AES-256,500,2,232,754.7422999996343,0.6525999997393228,2.8968999977223575,True,270.0925201822318
RSA+AES-256,500,2,233,1165.9245999981067,0.6729000015184283,2.9632000005221926,True,270.0925201822318
RSA+AES-256,500,2,234,548.2704999958514,0.6520000024465844,2.873500001442153,True,270.0925201822318
RSA+AES-256,500,2,235,756.0865999985253,0.661599995510187,2.9177999967942014,True,270.0925201822318
RSA+AES-256,500,2,236,1588.5359000021708,0.6883999958517961,3.217500001483131,True,270.0925201822318
RSA+AES-256,500,2,237,151.29599999636412,0.6128999957581982,2.9617000036523677,True,270.0925201822318
RSA+AES-256,500,2,238,259.69139999506297,0.5992000005790032,2.982899997732602,True,270.0925201822318
RSA+AES-256,500,2,239,952.4808999995003,0.6508999940706417,2.897600003052503,True,270.0925201822318
RSA+AES-256,500,2,240,179.80879999959143,0.6751000037183985,2.930399998149369,True,270.0925201822318
RSA+AES-256,500,2,241,1413.0551000052947,0.6913999968674034,2.9577999957837164,True,270.0925201822318
RSA+AES-256,500,2,242,507.52559999818914,0.6739999953424558,3.247700005886145,True,270.0925201822318
RSA+AES-256,500,2,243,600.5841999940458,0.6723999977111816,3.0188000018824823,True,270.0925201822318
RSA+AES-256,500,2,244,141.86329999938607,0.6477999995695427,2.9348000025493093,True,270.0925201822318
RSA+AES-256,500,2,245,482.3037999958615,0.720199997886084,2.9810999985784292,True,270.0925201822318
RSA+AES-256,500,2,246,226.72880000027362,0.6372999996528961,2.882899992982857,True,270.0925201822318
RSA+AES-256,500,2,247,490.1341000004322,0.6549000027007423,2.9166000022087246,True,270.0925201822318
RSA+AES-256,500,2,248,160.59459999814862,0.6670000002486631,2.9093999983160757,True,270.0925201822318
RSA+AES-256,500,2,249,1482.5801000042702,0.7081000003381632,3.2082999969134107,True,270.0925201822318
RSA+AES-256,500,2,250,735.7656000021962,0.6677999990643002,2.983899998071138,True,270.0925201822318
RSA+AES-256,500,2,251,1375.2375999974902,0.6759999960195273,2.942899998743087,True,270.0925201822318
RSA+AES-256,500,2,252,810.85819999862,0.607400004810188,2.9530999963753857,True,270.0925201822318
RSA+AES-256,500,2,253,3374.7415999969235,0.6633000011788681,2.9464999970514327,True,270.0925201822318
RSA+AES-256,500,2,254,1526.345999998739,0.6776000009267591,2.894899997045286,True,270.0925201822318
RSA+AES-256,500,2,255,1701.0850999940885,0.6238999994820915,2.945499996712897,True,270.0925201822318
RSA+AES-256,500,2,256,727.3624000008567,0.665100000333041,2.9850999999325722,True,270.0925201822318
RSA+AES-256,500,2,257,443.863100001181,0.6281000023591332,3.0005000007804483,True,270.0925201822318
RSA+AES-256,500,2,258,1111.53600000398,0.6735999995726161,2.9899000001023524,True,270.0925201822318
RSA+AES-256,500,2,259,501.5004000015324,0.6751999972038902,3.133800004434306,True,270.0925201822318
RSA+AES-256,500,2,260,390.20909999817377,0.6670000002486631,2.9696000055992045,True,270.0925201822318
RSA+AES-256,500,2,261,1748.9187000028323,0.7628999956068583,3.148100004182197,True,270.0925201822318
RSA+AES-256,500,2,262,160.33470000547823,0.6748000014340505,3.1358999985968694,True,270.0925201822318
RSA+AES-256,500,2,263,470.4505999980029,0.7146000061766244,3.184799999871757,True,270.0925201822318
RSA+AES-256,500,2,264,416.4727000024868,0.6830999991507269,3.050699997402262,True,270.0925201822318
RSA+AES-256,500,2,265,1296.6396000047098,0.6831000064266846,3.0158999943523668,True,270.0925201822318
RSA+AES-256,500,2,266,743.6406999986502,0.651299997116439,2.893299999414012,True,270.0925201822318
RSA+AES-256,500,2,267,403.1438000019989,0.6966000000829808,3.009299995028414,True,270.0925201822318
RSA+AES-256,500,2,268,1470.3166000035708,0.702000004821457,3.079599999182392,True,270.0925201822318
RSA+AES-256,500,2,269,650.2123000027495,0.6739999953424558,2.989600005093962,True,270.0925201822318
RSA+AES-256,500,2,270,292.862200003583,0.6639999992330559,2.947599998151418,True,270.0925201822318
RSA+AES-256,500,2,271,1229.1006999948877,0.672499998472631,2.999299998919014,True,270.0925201822318
RSA+AES-256,500,2,272,123.7187000006088,0.6425000028684735,2.999600001203362,True,270.0925201822318
RSA+AES-256,500,2,273,913.66339999513,0.6559999965247698,2.915299999585841,True,270.0925201822318
RSA+AES-256,500,2,274,349.39229999872623,0.6862999944132753,3.003300000273157,True,270.0925201822318
RSA+AES-256,500,2,275,572.8801000004751,0.6844000017736107,2.932299998064991,True,270.0925201822318
RSA+AES-256,500,2,276,552.12959999335,0.6645999965257943,3.010500004165806,True,270.0925201822318
RSA+AES-256,500,2,277,1036.4291999940178,0.6780999974580482,2.9833000007783994,True,270.0925201822318
RSA+AES-256,500,2,278,195.47139999485807,0.6443000020226464,2.8718999965349212,True,270.0925201822318
RSA+AES-256,500,2,279,180.25939999643015,0.6399999983841553,3.015300004335586,True,270.0925201822318
RSA+AES-256,500,2,280,1591.6234999967855,0.6797999958507717,3.03880000137724,True,270.0925201822318
RSA+AES-256,500,2,281,407.76090000144904,0.6417000040528364,2.953499999421183,True,270.0925201822318
RSA+AES-256,500,2,282,793.2660000005853,0.5999999993946403,2.9719000012846664,True,270.0925201822318
RSA+AES-256,500,2,283,735.7553000038024,0.6883999958517961,2.8843000036431476,True,270.0925201822318
RSA+AES-256,500,2,284,1116.3658000004943,0.668499997118488,2.9386000023805536,True,270.0925201822318
RSA+AES-256,500,2,285,1253.1158000056166,0.6454000031226315,2.905499997723382,True,270.0925201822318
RSA+AES-256,500,2,286,419.0852999963681,0.6703000035486184,2.9708000001846813,True,270.0925201822318
RSA+AES-256,500,2,287,1198.7408999993932,0.6527000005007721,2.904699998907745,True,270.0925201822318
RSA+AES-256,500,2,288,2179.7951999978977,0.8852999962982722,4.120099998544902,True,270.0925201822318
RSA+AES-256,500,2,289,1302.3391000024276,0.7056999966152944,3.121499998087529,True,270.0925201822318
RSA+AES-256,500,2,290,1669.2304000025615,0.7039000047370791,2.9667999988305382,True,270.0925201822318
RSA+AES-256,500,2,291,1293.3380999966175,0.6747000006726012,2.8491000048234127,True,270.0925201822318
RSA+AES-256,500,2,292,522.8428999980679,0.6961999970371835,2.8964000011910684,True,270.0925201822318
RSA+AES-256,500,2,293,1226.2895999956527,0.6705999985570088,2.914299999247305,True,270.0925201822318
RSA+AES-256,500,2,294,368.08079999900656,0.6694999974570237,2.8684999997494742,True,270.0925201822318
RSA+AES-256,500,2,295,326.301399996737,0.6637999977101572,2.8620000011869706,True,270.0925201822318
RSA+AES-256,500,2,296,485.31650000222726,0.6502000032924116,2.966300002299249,True,270.0925201822318
RSA+AES-256,500,2,297,1050.926799995068,0.6771999978809617,2.941300001111813,True,270.0925201822318
RSA+AES-256,500,2,298,613.0723000023863,0.6925000052433461,2.974399998493027,True,270.0925201822318
RSA+AES-256,500,2,299,1175.5733000027249,0.6866999974590726,2.9571000050054863,True,270.0925201822318
RSA+AES-256,500,2,300,850.242900000012,0.69449999864446,2.997800002049189,True,270.0925201822318
RSA+AES-256,500,2,301,309.615300000587,0.6885000038892031,2.886700000090059,True,270.0925201822318
RSA+AES-256,500,2,302,1294.1476000050898,0.8476000002701767,2.8913999994983897,True,270.0925201822318
RSA+AES-256,500,2,303,894.3629000059445,0.6972000046516769,3.122599999187514,True,270.0925201822318
RSA+AES-256,500,2,304,882.6021000058972,0.6683000028715469,2.9850999999325722,True,270.0925201822318
RSA+AES-256,500,2,305,1025.0248000011197,0.6786000012652948,2.9015999971306883,True,270.0925201822318
RSA+AES-256,500,2,306,448.25809999747435,0.7003999999142252,2.9847000041627325,True,270.0925201822318
RSA+AES-256,500,2,307,1392.2034999995958,0.6752999979653396,2.976499999931548,True,270.0925201822318
RSA+AES-256,500,2,308,865.582300000824,0.65819999872474,2.9118999955244362,True,270.0925201822318
RSA+AES-256,500,2,309,252.56059999810532,0.8088999966275878,3.003600002557505,True,270.0925201822318
RSA+AES-256,500,2,310,646.2774999963585,0.6757000010111369,2.953499999421183,True,270.0925201822318
RSA+AES-256,500,2,311,1076.15220000298,0.6206000034580939,3.005200000188779,True,270.0925201822318
RSA+AES-256,500,2,312,417.94819999631727,0.661899997794535,2.9580999980680645,True,270.0925201822318
RSA+AES-256,500,2,313,256.12309999996796,0.6884000031277537,3.0002999992575496,True,270.0925201822318
RSA+AES-256,500,2,314,1165.1813999997103,0.669299995934125,2.9762000049231574,True,270.0925201822318
RSA+AES-256,500,2,315,422.24780000105966,0.6807999961893074,3.0097999988356605,True,270.0925201822318
RSA+AES-256,500,2,316,278.1440999970073,0.6088999944040552,3.056100002140738,True,270.0925201822318
RSA+AES-256,500,2,317,1245.68420000287,0.6989000030444004,2.985300001455471,True,270.0925201822318
RSA+AES-256,500,2,318,1548.690000003262,0.6758000017725863,2.9840999995940365,True,270.0925201822318
RSA+AES-256,500,2,319,287.94919999927515,0.6576000014320016,3.0009999973117374,True,270.0925201822318
RSA+AES-256,500,2,320,1576.9672999958857,0.6856999971205369,2.9301999966264702,True,270.0925201822318
RSA+AES-256,500,2,321,751.4382000008482,0.6419999990612268,2.912899995862972,True,270.0925201822318
RSA+AES-256,500,2,322,618.480000004638,0.6775999936508015,2.9684999972232617,True,270.0925201822318
RSA+AES-256,500,2,323,705.6072000050335,0.7668999969610013,2.8946000020368956,True,270.0925201822318
RSA+AES-256,500,2,324,1437.7472999985912,0.6714000046486035,3.0108999999356456,True,270.0925201822318
RSA+AES-256,500,2,325,610.4201999987708,0.6747000006726012,2.9543999989982694,True,270.0925201822318
RSA+AES-256,500,2,326,1070.9792000052403,0.665100000333041,2.9477999996743165,True,270.0925201822318
RSA+AES-256,500,2,327,1178.6965999999666,0.6057999999029562,3.043299999262672,True,270.0925201822318
RSA+AES-256,500,2,328,726.0251999978209,0.6757999944966286,2.9477999996743165,True,270.0925201822318
RSA+AES-256,500,2,329,373.3520999958273,0.6463999961852096,2.953999995952472,True,270.0925201822318
RSA+AES-256,500,2,330,822.5840000013704,0.7330000007641502,3.072099993005395,True,270.0925201822318
RSA+AES-256,500,2,331,652.3384000029182,0.6480000010924414,2.9720000020461157,True,270.0925201822318
RSA+AES-256,500,2,332,1041.017199997441,0.6492999964393675,2.9170999987400137,True,270.0925201822318
RSA+AES-256,500,2,333,2466.4632999993046,0.7001999983913265,3.0285999964689836,True,270.0925201822318
RSA+AES-256,500,2,334,1875.7618000017828,0.7208999959402718,3.4832999954232946,True,270.0925201822318
RSA+AES-256,500,2,335,953.2801999957883,0.6309000018518418,3.006800005096011,True,270.0925201822318
RSA+AES-256,500,2,336,288.02559999894584,0.6955000062589534,2.997199997480493,True,270.0925201822318
RSA+AES-256,500,2,337,340.88279999559745,0.665899999148678,2.9815000016242266,True,270.0925201822318
RSA+AES-256,500,2,338,761.957100003201,0.6133999995654449,2.9378000035649166,True,270.0925201822318
RSA+AES-256,500,2,339,554.3407000004663,0.680800003465265,2.8985000026295893,True,270.0925201822318
RSA+AES-256,500,2,340,319.3725000019185,0.6594000005861744,2.9275999986566603,True,270.0925201822318
RSA+AES-256,500,2,341,973.9939999999478,0.6176000024424866,2.9231000007712282,True,270.0925201822318
RSA+AES-256,500,2,342,149.37440000358038,0.6549999961862341,3.0093000023043714,True,270.0925201822318
RSA+AES-256,500,2,343,1049.6263999957591,0.8681999970576726,3.020100004505366,True,270.0925201822318
RSA+AES-256,500,2,344,596.7762000000221,0.6506999998237006,3.083100004005246,True,270.0925201822318
RSA+AES-256,500,2,345,193.2059999962803,0.6958999947528355,2.961899997899309,True,270.0925201822318
RSA+AES-256,500,2,346,749.3923000001814,0.6518000009236857,2.964100000099279,True,270.0925201822318
RSA+AES-256,500,2,347,430.64989999402314,0.6772999986424111,2.966800006106496,True,270.0925201822318
RSA+AES-256,500,2,348,1515.7726999968872,0.6957000005058944,3.068000005441718,True,270.0925201822318
RSA+AES-256,500,2,349,874.8641999991378,0.6926999994902872,2.9139000034774654,True,270.0925201822318
RSA+AES-256,500,2,350,379.5985000033397,0.6795000008423813,2.962200000183657,True,270.0925201822318
RSA+AES-256,500,2,351,270.1551999998628,0.6627000038861297,2.8769999989890493,True,270.0925201822318
RSA+AES-256,500,2,352,506.8351000008988,0.6821999995736405,2.9719000012846664,True,270.0925201822318
RSA+AES-256,500,2,353,1563.5786999991979,0.8063999994192272,3.6000000036437996,True,270.0925201822318
RSA+AES-256,500,2,354,872.4507999941125,0.7072000007610768,4.05740000132937,True,270.0925201822318
RSA+AES-256,500,2,355,360.7362999973702,0.6422999940696172,2.993499998410698,True,270.0925201822318
RSA+AES-256,500,2,356,688.4968000013032,0.6936999998288229,3.024999998160638,True,270.0925201822318
RSA+AES-256,500,2,357,126.54340000153752,0.6110000031185336,3.0507999981637113,True,270.0925201822318
RSA+AES-256,500,2,358,739.279199995508,0.6911999953445047,3.0112000022199936,True,270.0925201822318
RSA+AES-256,500,2,359,1191.7557999986457,0.6733999980497174,2.975199997308664,True,270.0925201822318
RSA+AES-256,500,2,360,1172.121600000537,0.6615000020246953,2.856699997209944,True,270.0925201822318
RSA+AES-256,500,2,361,173.48170000332175,0.6194000015966594,2.921000006608665,True,270.0925201822318
RSA+AES-256,500,2,362,207.93419999972684,0.6796999950893223,3.003900004841853,True,270.0925201822318
RSA+AES-256,500,2,363,890.7397000002675,0.6872000012663193,2.8959000046597794,True,270.0925201822318
RSA+AES-256,500,2,364,597.7197999964119,0.60710000252584,2.9662000015378,True,270.0925201822318
RSA+AES-256,500,2,365,1227.8425999975298,0.7140000016079284,2.9690000010305084,True,270.0925201822318
RSA+AES-256,500,2,366,132.34820000070613,0.6113999988883734,2.9291999962879345,True,270.0925201822318
RSA+AES-256,500,2,367,359.5915000041714,0.6732000038027763,3.245499996410217,True,270.0925201822318
RSA+AES-256,500,2,368,65.65390000469051,0.6584999937331304,3.0065999962971546,True,270.0925201822318
RSA+AES-256,500,2,369,886.2387999979546,0.6054999976186082,3.056599998672027,True,270.0925201822318
RSA+AES-256,500,2,370,463.57529999659164,0.6829000049037859,3.002199999173172,True,270.0925201822318
RSA+AES-256,500,2,371,1139.871100000164,0.6663999956799671,3.0266999965533614,True,270.0925201822318
RSA+AES-256,500,2,372,247.70539999735774,0.654499999654945,3.0394999994314276,True,270.0925201822318
RSA+AES-256,500,2,373,1387.6966999960132,0.6878000058350153,2.8741999994963408,True,270.0925201822318
RSA+AES-256,500,2,374,753.2892000017455,0.691100001859013,3.0412999985856004,True,270.0925201822318
RSA+AES-256,500,2,375,1043.0485999968369,0.6817000030423515,3.003600002557505,True,270.0925201822318
RSA+AES-256,500,2,376,407.5093999999808,0.6955999997444451,3.0131999956211075,True,270.0925201822318
RSA+AES-256,500,2,377,1401.3190000041504,0.6450000000768341,2.948699999251403,True,270.0925201822318
RSA+AES-256,500,2,378,380.8074000044144,0.6565000003320165,2.942400002211798,True,270.0925201822318
RSA+AES-256,500,2,379,1960.347100000945,0.6699000005028211,2.948699999251403,True,270.0925201822318
RSA+AES-256,500,2,380,806.2535999997635,0.6589000040548854,2.977100004500244,True,270.0925201822318
RSA+AES-256,500,2,381,426.99849999917205,0.7026000021141954,2.971499998238869,True,270.0925201822318
RSA+AES-256,500,2,382,92.86010000505485,0.6651999938185327,2.9976000005262904,True,270.0925201822318
RSA+AES-256,500,2,383,408.5403000062797,0.6819999980507419,2.9544999997597188,True,270.0925201822318
RSA+AES-256,500,2,384,269.745999998122,0.6649999995715916,2.9726000066148117,True,270.0925201822318
RSA+AES-256,500,2,385,1641.1573000004864,0.6547000011778437,2.85279999661725,True,270.0925201822318
RSA+AES-256,500,2,386,344.34560000227066,0.6098000012570992,2.960099998745136,True,270.0925201822318
RSA+AES-256,500,2,387,287.42700000293553,0.6820000053266995,2.8776000035577454,True,270.0925201822318
RSA+AES-256,500,2,388,318.6160999975982,0.6355000004987232,2.8921999983140267,True,270.0925201822318
RSA+AES-256,500,2,389,2339.995299997099,0.6142000056570396,2.9442999948514625,True,270.0925201822318
RSA+AES-256,500,2,390,297.5688000005903,0.6528999947477132,2.857100000255741,True,270.0925201822318
RSA+AES-256,500,2,391,304.86409999866737,0.6312999976216815,3.42399999499321,True,270.0925201822318
RSA+AES-256,500,2,392,1573.3301999935065,0.6126999942352995,2.943200001027435,True,270.0925201822318
RSA+AES-256,500,2,393,728.2445999953779,0.6609000047319569,2.940999998827465,True,270.0925201822318
RSA+AES-256,500,2,394,634.8192000004929,0.6744999991497025,2.989000000525266,True,270.0925201822318
RSA+AES-256,500,2,395,853.6477000016021,0.705899998138193,3.1888000012259,True,270.0925201822318
RSA+AES-256,500,2,396,2359.6470999982557,0.6567000018549152,2.903699998569209,True,270.0925201822318
RSA+AES-256,500,2,397,2097.3904999991646,0.6625999958487228,2.8982000003452413,True,270.0925201822318
RSA+AES-256,500,2,398,193.445699995209,0.6678000063402578,3.0760000008740462,True,270.0925201822318
RSA+AES-256,500,2,399,1275.6865999981528,0.6138000026112422,3.1067999952938408,True,270.0925201822318
RSA+AES-256,500,2,400,1194.9993000016548,0.7267000037245452,2.9544999997597188,True,270.0925201822318
RSA+AES-256,500,2,401,1914.2036000048392,0.6611999997403473,2.9714000047533773,True,270.0925201822318
RSA+AES-256,500,2,402,1762.6885999998194,0.7011999987298623,2.9412000003503636,True,270.0925201822318
RSA+AES-256,500,2,403,762.5561000022572,0.6699000005028211,2.9125000000931323,True,270.0925201822318
RSA+AES-256,500,2,404,63.53780000063125,0.6453999958466738,2.913800002716016,True,270.0925201822318
RSA+AES-256,500,2,405,648.5171000022092,0.6710000016028062,2.958699995360803,True,270.0925201822318
RSA+AES-256,500,2,406,192.65740000264486,0.6972999981371686,2.951299997221213,True,270.0925201822318
RSA+AES-256,500,2,407,587.2028000012506,0.7229999973787926,3.041500000108499,True,270.0925201822318
RSA+AES-256,500,2,408,1052.2544999985257,0.6706999993184581,3.0197000014595687,True,270.0925201822318
RSA+AES-256,500,2,409,267.11339999746997,0.6428999986383133,3.0786999996053055,True,270.0925201822318
RSA+AES-256,500,2,410,196.17100000323262,0.6166999955894426,2.885399997467175,True,270.0925201822318
RSA+AES-256,500,2,411,659.9462000012863,0.6671999944956042,2.887199996621348,True,270.0925201822318
RSA+AES-256,500,2,412,423.2186000008369,1.0820999959832989,2.9508000006899238,True,270.0925201822318
RSA+AES-256,500,2,413,132.25190000230214,0.6234000029508024,2.952700000605546,True,270.0925201822318
RSA+AES-256,500,2,414,616.6830000001937,0.6413999944925308,2.9518000010284595,True,270.0925201822318
RSA+AES-256,500,2,415,1816.2229000008665,0.6809000042267144,3.0075999966356903,True,270.0925201822318
RSA+AES-256,500,2,416,1518.9075999951456,0.6901000015204772,2.909000002546236,True,270.0925201822318
RSA+AES-256,500,2,417,235.51519999455195,0.625100001343526,2.872000004572328,True,270.0925201822318
RSA+AES-256,500,2,418,1240.4901999980211,0.6566000010934658,2.87209999805782,True,270.0925201822318
RSA+AES-256,500,2,419,421.6409000000567,0.687899999320507,3.0091999942669645,True,270.0925201822318
RSA+AES-256,500,2,420,1468.6676999990596,0.6647999980486929,2.9317999942577444,True,270.0925201822318
RSA+AES-256,500,2,421,315.0875999999698,0.6794000000809319,2.918199999839999,True,270.0925201822318
RSA+AES-256,500,2,422,324.3386999965878,0.6930999952601269,3.0742000017198734,True,270.0925201822318
RSA+AES-256,500,2,423,1408.0753000016557,0.687599997036159,2.9525999998440966,True,270.0925201822318
RSA+AES-256,500,2,424,636.4810000013676,0.6708000000799075,2.93729999975767,True,270.0925201822318
RSA+AES-256,500,2,425,635.8465000012075,0.651599999400787,2.926300003309734,True,270.0925201822318
RSA+AES-256,500,2,426,653.5790999987512,0.6913000033819117,2.9731999966315925,True,270.0925201822318
RSA+AES-256,500,2,427,672.546699999657,0.6536000000778586,2.966500003822148,True,270.0925201822318
RSA+AES-256,500,2,428,706.2315999937709,0.6405999956768937,2.9350999975576997,True,270.0925201822318
RSA+AES-256,500,2,429,1133.539499998733,0.6758000017725863,2.976299998408649,True,270.0925201822318
RSA+AES-256,500,2,430,423.6744999943767,0.6697999997413717,2.903900000092108,True,270.0925201822318
RSA+AES-256,500,2,431,1548.5337999998592,0.6595000013476238,3.005699996720068,True,270.0925201822318
RSA+AES-256,500,2,432,189.64920000144048,0.7116000051610172,2.9867999983252957,True,270.0925201822318
RSA+AES-256,500,2,433,449.1190999979153,0.661599995510187,2.928100002463907,True,270.0925201822318
RSA+AES-256,500,2,434,745.2208000031533,0.6862000009277835,2.9664999965461902,True,270.0925201822318
RSA+AES-256,500,2,435,186.32639999850653,0.6261999951675534,2.894099998229649,True,270.0925201822318
RSA+AES-256,500,2,436,168.12010000285227,0.6451999943237752,2.998199997819029,True,270.0925201822318
RSA+AES-256,500,2,437,361.5378999966197,0.626200002443511,2.966600004583597,True,270.0925201822318
RSA+AES-256,500,2,438,876.303299999563,0.7415000000037253,2.931300005002413,True,270.0925201822318
RSA+AES-256,500,2,439,263.75520000146935,0.6852000005892478,3.204200002073776,True,270.0925201822318
RSA+AES-256,500,2,440,229.4675000011921,0.6847999975434504,2.983699996548239,True,270.0925201822318
RSA+AES-256,500,2,441,1291.8060999945737,0.669400003971532,2.9973999990033917,True,270.0925201822318
RSA+AES-256,500,2,442,429.4967999958317,0.6777000016882084,3.329300001496449,True,270.0925201822318
RSA+AES-256,500,2,443,987.8979999994044,0.6081999963498674,2.9462000020430423,True,270.0925201822318
RSA+AES-256,500,2,444,656.0262999992119,0.7073000015225261,2.996899995196145,True,270.0925201822318
RSA+AES-256,500,2,445,1345.8271000054083,0.6645999965257943,2.9108999951859005,True,270.0925201822318
RSA+AES-256,500,2,446,1036.983899997722,0.7086999976309016,3.028699997230433,True,270.0925201822318
RSA+AES-256,500,2,447,482.36780000297586,0.6569000033778138,3.1302000061259605,True,270.0925201822318
RSA+AES-256,500,2,448,1050.2043000014964,0.6722000034642406,2.9253000029711984,True,270.0925201822318
RSA+AES-256,500,2,449,1250.6484999976237,0.6613000005017966,2.9203000012785196,True,270.0925201822318
RSA+AES-256,500,2,450,509.3868999974802,0.668799999402836,2.9852999941795133,True,270.0925201822318
RSA+AES-256,500,2,451,928.7326999983634,0.7088999991538003,2.984999999171123,True,270.0925201822318
RSA+AES-256,500,2,452,1119.7069999980158,0.6795000008423813,2.9114999997545965,True,270.0925201822318
RSA+AES-256,500,2,453,356.2642999968375,0.6754999994882382,2.973900001961738,True,270.0925201822318
RSA+AES-256,500,2,454,1635.5639999965206,0.7266000029630959,3.0725999968126416,True,270.0925201822318
RSA+AES-256,500,2,455,753.7613000022247,0.6576000014320016,2.9188999978941865,True,270.0925201822318
RSA+AES-256,500,2,456,777.745600003982,0.6997000018600374,2.9899000001023524,True,270.0925201822318
RSA+AES-256,500,2,457,299.93040000408655,0.6503000040538609,2.8898000018671155,True,270.0925201822318
RSA+AES-256,500,2,458,620.8406000005198,0.6693999966955744,2.911600000516046,True,270.0925201822318
RSA+AES-256,500,2,459,458.4857999943779,0.6398000041372143,2.8701999981421977,True,270.0925201822318
RSA+AES-256,500,2,460,316.20989999646554,0.6074999982956797,2.9529000021284446,True,270.0925201822318
RSA+AES-256,500,2,461,302.5603999994928,0.6637000042246655,2.8590000001713634,True,270.0925201822318
RSA+AES-256,500,2,462,613.7352000005194,0.6659999999101274,2.918199999839999,True,270.0925201822318
RSA+AES-256,500,2,463,539.8892000011983,0.6996000010985881,2.8989999991608784,True,270.0925201822318
RSA+AES-256,500,2,464,195.51079999655485,0.6248999998206273,2.9187000036472455,True,270.0925201822318
RSA+AES-256,500,2,465,178.08299999887822,0.6146000014268793,3.057400004763622,True,270.0925201822318
RSA+AES-256,500,2,466,691.5198999995482,0.6783999997423962,2.9818000039085746,True,270.0925201822318
RSA+AES-256,500,2,467,666.4065000004484,0.6450000000768341,2.8741999994963408,True,270.0925201822318
RSA+AES-256,500,2,468,2265.197900000203,0.6624000016017817,2.9511000029742718,True,270.0925201822318
RSA+AES-256,500,2,469,517.8223999973852,0.6683000028715469,2.9345000002649613,True,270.0925201822318
RSA+AES-256,500,2,470,218.49079999810783,0.6882000016048551,2.98099999781698,True,270.0925201822318
RSA+AES-256,500,2,471,830.376999998407,0.6646000038017519,2.969699999084696,True,270.0925201822318
RSA+AES-256,500,2,472,303.5046999939368,0.6423999948310666,2.888299997721333,True,270.0925201822318
RSA+AES-256,500,2,473,1448.4364000018104,0.7264000014401972,3.034100001968909,True,270.0925201822318
RSA+AES-256,500,2,474,815.7560000036028,0.6711000023642555,3.019300005689729,True,270.0925201822318
RSA+AES-256,500,2,475,1430.1224000009825,0.665100000333041,3.0578000005334616,True,270.0925201822318
RSA+AES-256,500,2,476,827.8604000006453,0.6635000027017668,3.0514000027324073,True,270.0925201822318
RSA+AES-256,500,2,477,247.27449999772944,0.6474999972851947,2.9379999978118576,True,270.0925201822318
RSA+AES-256,500,2,478,1066.380600001139,0.6573999999091029,2.9137000019545667,True,270.0925201822318
RSA+AES-256,500,2,479,456.3625000009779,0.705899998138193,3.049400002055336,True,270.0925201822318
RSA+AES-256,500,2,480,860.7023000004119,0.6783999997423962,2.947699998912867,True,270.0925201822318
RSA+AES-256,500,2,481,841.8999999994412,0.6623000008403324,2.899899998737965,True,270.0925201822318
RSA+AES-256,500,2,482,988.849699999264,0.6831000064266846,2.951200003735721,True,270.0925201822318
RSA+AES-256,500,2,483,242.05880000226898,0.7027000028756447,2.945799998997245,True,270.0925201822318
RSA+AES-256,500,2,484,754.0420000004815,0.687899999320507,3.1310999984270893,True,270.0925201822318
RSA+AES-256,500,2,485,693.7748999989708,0.6275999985518865,3.03620000340743,True,270.0925201822318
RSA+AES-256,500,2,486,903.8693999973475,0.6656999976257794,2.9988999958732165,True,270.0925201822318
RSA+AES-256,500,2,487,987.6072000042768,0.6569000033778138,2.933299998403527,True,270.0925201822318
RSA+AES-256,500,2,488,1061.8510999993305,0.6740999961039051,2.926000001025386,True,270.0925201822318
RSA+AES-256,500,2,489,531.8464000010863,0.6710999950882979,3.265700004703831,True,270.0925201822318
RSA+AES-256,500,2,490,270.26350000232924,0.6378999969456345,2.933900002972223,True,270.0925201822318
RSA+AES-256,500,2,491,2642.3209000058705,0.6723000042256899,2.9611000063596293,True,270.0925201822318
RSA+AES-256,500,2,492,504.0173000015784,0.640199999907054,2.876700003980659,True,270.0925201822318
RSA+AES-256,500,2,493,280.47309999965364,0.6025000038789585,2.9796000017086044,True,270.0925201822318
RSA+AES-256,500,2,494,320.4665999946883,0.6503999975393526,2.87430000025779,True,270.0925201822318
RSA+AES-256,500,2,495,446.63759999821195,0.6573999999091029,3.2102999975904822,True,270.0925201822318
RSA+AES-256,500,2,496,1241.313700003957,0.6883000023663044,2.9873000021325424,True,270.0925201822318
RSA+AES-256,500,2,497,582.6287000018056,0.6577999956789427,3.4487000011722557,True,270.0925201822318
RSA+AES-256,500,2,498,687.282699997013,0.6938000005902722,3.002800003741868,True,270.0925201822318
RSA+AES-256,500,2,499,604.1070999999647,0.6267999997362494,2.9561000046669506,True,270.0925201822318
RSA+AES-256,500,2,500,525.4754999987199,0.6796000016038306,3.033999993931502,True,270.0925201822318
